"Rank","Domain","Keywords in SERPs","Estimated organic traffic"
"1","youtube.com","3916619","379225432.2264603"
"2","instagram.com","3312551","249992268.93307963"
"3","facebook.com","2925750","112971191.55143735"
"4","tiktok.com","2407354","19446644.488702007"
"5","wikipedia.org","1977467","369995236.68727654"
"6","eksisozluk.com","1819926","84464643.18853351"
"7","yandex.com.tr","1738750","66779909.5547994"
"8","google.com","1491530","339232006.2568357"
"9","trendyol.com","1420477","150855339.99438024"
"10","hurriyet.com.tr","1349512","122509380.97108585"
"11","milliyet.com.tr","1322228","95961244.54950328"
"12","hepsiburada.com","1300464","65585020.07572137"
"13","sabah.com.tr","1077572","63278333.65422647"
"14","x.com","1047036","49925835.896113396"
"15","sahibinden.com","1013730","75608970.88346078"
"16","haberturk.com","973243","41945833.93440419"
"17","sikayetvar.com","939468","49954049.081758544"
"18","reddit.com","921411","9723080.042988434"
"19","akakce.com","908443","37393814.928138964"
"20","pinterest.com","880728","25589210.07514649"
"21","amazon.com.tr","812043","14992366.327598114"
"22","cimri.com","770193","14542513.934847841"
"23","ntv.com.tr","698152","36178650.800848365"
"24","cnnturk.com","670054","31169339.28698231"
"25","haberler.com","615095","26256970.29091203"
"26","onedio.com","614997","12248698.079843078"
"27","yenisafak.com","606048","13315253.042300785"
"28","donanimhaber.com","591844","8852891.380480306"
"29","mynet.com","587856","20761774.360530816"
"30","dailymotion.com","576827","7047647.319147494"
"31","n11.com","542182","5317208.903968567"
"32","linkedin.com","506788","12679331.313579738"
"33","ciceksepeti.com","486939","6985214.137712583"
"34","meb.gov.tr","458064","26715616.924778946"
"35","apple.com","440162","62498785.83303332"
"36","kizlarsoruyor.com","433526","4382035.680551704"
"37","aa.com.tr","425192","9822958.421224361"
"38","dergipark.org.tr","407045","4905856.757823011"
"39","nefisyemektarifleri.com","379798","43870708.4313077"
"40","memorial.com.tr","379446","33367735.155627966"
"41","meb.k12.tr","371485","21801289.13854441"
"42","bulurum.com","360993","4535029.164606171"
"43","tripadvisor.com.tr","348684","24308389.712223954"
"44","eodev.com","332467","6823232.720155176"
"45","pttavm.com","324525","2692181.7813735493"
"46","cumhuriyet.com.tr","313678","4815068.289958017"
"47","kariyer.net","313028","15436660.890780278"
"48","technopat.net","311028","3387751.687613301"
"49","twitter.com","310673","10379798.400276178"
"50","tgrthaber.com","299514","2864252.343599025"
"51","epey.com","299384","10516658.511983631"
"52","turkiye.gov.tr","295295","62824643.28182279"
"53","tureng.com","291242","39176977.693601474"
"54","koctas.com.tr","286897","5291527.8996863905"
"55","haber7.com","280316","13744385.094563276"
"56","sozcu.com.tr","277046","5453403.7866591755"
"57","acibadem.com.tr","270861","16351506.169015767"
"58","imdb.com","270808","23749387.565509398"
"59","wordpress.com","270748","1176386.712056961"
"60","enuygun.com","266870","16646672.2702364"
"61","posta.com.tr","266414","4306670.952936899"
"62","moovitapp.com","265628","6656201.968271626"
"63","seslisozluk.net","258414","8743232.281982927"
"64","yeniakit.com.tr","253049","2300554.5442540254"
"65","bbc.com","252837","9915726.780078044"
"66","medicalpark.com.tr","252311","15039871.476645233"
"67","sondakika.com","245201","25093429.041197233"
"68","gzt.com","239149","4022452.6712786853"
"69","sinemalar.com","237101","18082474.24350106"
"70","takvim.com.tr","236141","2230082.056490952"
"71","memurlar.net","232801","4608443.2299217805"
"72","t24.com.tr","231985","3367753.088742066"
"73","spotify.com","231599","10122316.13027396"
"74","beyazperde.com","231415","20825566.213214666"
"75","turkiyegazetesi.com.tr","227911","2509175.432629438"
"76","teknosa.com","223156","5830571.586632581"
"77","fandom.com","216882","4931016.312697802"
"78","1000kitap.com","212589","2279065.0051718336"
"79","aksam.com.tr","211556","1926874.6727907006"
"80","medicana.com.tr","209263","11824894.432511287"
"81","migros.com.tr","206525","7431764.313080106"
"82","ensonhaber.com","204998","9357877.141873257"
"83","a101.com.tr","204640","4051462.960254684"
"84","amazon.com","203435","2452908.809291316"
"85","saglik.gov.tr","198211","11671037.029902764"
"86","yemek.com","198159","10710537.579933668"
"87","obilet.com","197068","12266882.703935917"
"88","etstur.com","196688","16363131.70138531"
"89","kitapyurdu.com","193834","4314699.350090522"
"90","scribd.com","193415","1199551.7762364466"
"91","karar.com","192203","1516059.8461216297"
"92","mediamarkt.com.tr","189317","15660824.890946187"
"93","dr.com.tr","188459","4472260.276901592"
"94","aliexpress.com","187987","709440.6056362633"
"95","foursquare.com","187958","1137255.0971806645"
"96","ahaber.com.tr","186728","2189190.050789647"
"97","gazetevatan.com","182886","1792535.7723486722"
"98","sporx.com","181353","20062982.552360184"
"99","trthaber.com","180663","7228146.591839518"
"100","vatanbilgisayar.com","178877","14017104.285977876"
"101","sorumatik.co","178523","1446148.0762617756"
"102","odatv.com","177853","1651569.1372451913"
"103","birgun.net","177026","4337209.349611081"
"104","yok.gov.tr","176040","8969824.762019042"
"105","mgm.gov.tr","173768","87957937.94144537"
"106","kadinlarkulubu.com","170123","1991613.3583959006"
"107","haritane.com","168789","389764.9563881885"
"108","shopier.com","167808","1426779.9087428283"
"109","hepsiemlak.com","166629","5637536.481782366"
"110","pazarama.com","165999","770293.6002333742"
"111","eleman.net","164047","5001919.391548483"
"112","idefix.com","162496","875706.629089145"
"113","alibaba.com","160211","605152.806082163"
"114","diyanet.gov.tr","157960","44443714.999072865"
"115","netflix.com","156331","13575147.492719548"
"116","justwatch.com","155789","6542825.383438973"
"117","arabam.com","155187","9709129.503983673"
"118","nedir.org","154442","3790390.662521951"
"119","lezzet.com.tr","154078","2227236.8999820035"
"120","webtekno.com","153885","2748381.03611796"
"121","yemeksepeti.com","152681","9595669.558917997"
"122","wiktionary.org","150668","3998209.8489713874"
"123","ankara.edu.tr","150657","4847578.021140952"
"124","tikla.com.tr","148793","779111.0603622906"
"125","iha.com.tr","147452","669258.8331343718"
"126","fotomac.com.tr","146785","6711915.42659267"
"127","hesaplama.net","143388","8746603.634742511"
"128","iyifirma.com","143232","1049224.4611525498"
"129","tubitak.gov.tr","142594","4514348.856205132"
"130","beymen.com","142307","3963361.7928863745"
"131","yahoo.com","140270","2342781.154770337"
"132","fanatik.com.tr","140019","12879055.568227984"
"133","transfermarkt.com.tr","138615","131892404.43848807"
"134","indyturk.com","138212","1176717.9134597052"
"135","reverso.net","137872","7340547.940750957"
"136","carrefoursa.com","137081","2885972.7576567456"
"137","eba.gov.tr","136849","5212962.7565251365"
"138","nadirkitap.com","136710","825021.2843298633"
"139","boyner.com.tr","136392","4377621.230391704"
"140","nina.az","136052","570060.5614427831"
"141","islamveihsan.com","135868","9881803.958854228"
"142","biletinial.com","134633","4772782.885880107"
"143","ikea.com.tr","133717","3224751.6940740626"
"144","microsoft.com","132509","11493531.728456713"
"145","dunya.com","132284","1937010.8514521327"
"146","investing.com","130772","28066599.670674305"
"147","frmtr.com","129269","578433.6429651137"
"148","turkcell.com.tr","129098","4948425.566394834"
"149","bim.com.tr","128013","3861789.01879487"
"150","istanbul.edu.tr","127265","5822335.473500179"
"151","wikiwand.com","126433","470173.62371299975"
"152","uludagsozluk.com","126120","674013.3138898499"
"153","letgo.com","125914","1404338.9758664686"
"154","vodafone.com.tr","125568","7014898.981090661"
"155","islamansiklopedisi.org.tr","125042","11391861.813722886"
"156","omu.edu.tr","124902","1770347.2252106331"
"157","internethaber.com","124569","1953485.6907165963"
"158","ekonomim.com","124426","1311061.2175410017"
"159","ankaramasasi.com.tr","123833","1293449.0227170195"
"160","ktb.gov.tr","123668","5411729.269719368"
"161","turktelekom.com.tr","123458","9615719.634646608"
"162","researchgate.net","122626","456686.1856864877"
"163","ibb.istanbul","120527","8099887.529972611"
"164","halktv.com.tr","119773","1935898.150850376"
"165","cambridge.org","118654","10175582.355090974"
"166","yapikredi.com.tr","118322","5070614.364823861"
"167","lcw.com","118135","2884809.3323398195"
"168","neredekal.com","116940","1236144.3707952779"
"169","aydinlik.com.tr","116472","1179431.6275408491"
"170","gazetebirlik.com","116001","2020446.7240740173"
"171","nedirnedemek.com","115162","1265985.3762895335"
"172","garantibbva.com.tr","114462","10118922.174287613"
"173","beinsports.com.tr","113810","72293041.39158306"
"174","oggusto.com","112280","3212331.1718542296"
"175","yenicaggazetesi.com.tr","111723","1449438.109180402"
"176","euronews.com","111536","1742293.3719422445"
"177","mackolik.com","111316","96138791.24721086"
"178","emlakjet.com","110918","2744753.2863048147"
"179","evrimagaci.org","110440","1954747.3863644563"
"180","trhaber.com","109563","734470.9554372039"
"181","tamindir.com","109114","2142021.7172020264"
"182","istockphoto.com","108968","3294752.8360121753"
"183","tff.org","108437","31091403.039508857"
"184","primevideo.com","108277","4175883.9382766224"
"185","armut.com","107163","2677068.674072666"
"186","anadolu.edu.tr","107152","4735270.800124424"
"187","isbank.com.tr","106621","4963534.476296328"
"188","ziraatbank.com.tr","106525","10415045.760050712"
"189","getir.com","105259","3070829.094055129"
"190","sokmarket.com.tr","104649","2607775.122601256"
"191","sorularlaislamiyet.com","103841","4927171.682808859"
"192","shutterstock.com","103307","2208559.205693081"
"193","bolgegundem.com.tr","103086","419075.47801665217"
"194","tatilsepeti.com","102053","5316623.112470815"
"195","tarimorman.gov.tr","102019","3047096.0327789765"
"196","bab.la","101960","4129100.8591882885"
"197","flypgs.com","101340","7926093.0423951335"
"198","shiftdelete.net","101295","1286513.4000427239"
"199","ntvspor.net","101084","7822063.884366663"
"200","medium.com","100812","998045.9922692068"
"201","gazeteoksijen.com","100633","1548041.6530463547"
"202","hotels.com","100320","5450497.043896221"
"203","yasemin.com","100185","576301.7381687406"
"204","genius.com","100013","5366023.917186914"
"205","tatilbudur.com","99735","4924464.502760423"
"206","kitantik.com","99725","329689.998771172"
"207","evrensel.net","98515","833890.6873721667"
"208","basarisiralamalari.com","98011","3238098.50614346"
"209","trivago.com.tr","97677","7035860.718444314"
"210","gsb.gov.tr","97625","2763498.848126227"
"211","vakifbank.com.tr","97606","3217871.477272954"
"212","booking.com","97251","2613571.208215546"
"213","yelp.com","96941","979045.4883418158"
"214","haberglobal.com.tr","96728","1083928.342382636"
"215","hdfilmizle.to","95995","8771813.976956679"
"216","isinolsun.com","95661","1247479.661065409"
"217","csb.gov.tr","95532","2592859.022739414"
"218","themoviedb.org","95158","1083502.8827372212"
"219","decathlon.com.tr","94661","3309262.844044348"
"220","florence.com.tr","94435","3615177.6981161833"
"221","metro-tr.com","94294","818055.7772692163"
"222","akbank.com","93868","4023647.8251163736"
"223","zara.com","93475","2393347.1137705483"
"224","jollytur.com","92835","2980291.7036304455"
"225","arcelik.com.tr","92699","3488192.3919178993"
"226","anlatilaninotesi.com.tr","92447","1082001.919402212"
"227","cevirsozluk.com","91951","3694988.3554202914"
"228","mubi.com","91166","1875978.5810167268"
"229","bianet.org","90900","929017.1762743387"
"230","wordreference.com","89491","950723.1880766563"
"231","gazeteduvar.com.tr","88742","635033.1543041989"
"232","ptt.gov.tr","88480","4613327.920889258"
"233","academia.edu","88394","247918.09737728536"
"234","egetelgraf.com","88283","561167.7199491914"
"235","neoldu.com.tr","88008","811277.8613833375"
"236","dha.com.tr","87783","771742.486295104"
"237","diyanethaber.com.tr","87030","17749599.579629086"
"238","milligazete.com.tr","87002","849552.8046429325"
"239","toki.gov.tr","86985","1223748.843441859"
"240","tdk.gov.tr","86963","2077893.583435176"
"241","britannica.com","86849","1579378.3369043171"
"242","karaca.com","86111","2576026.7393782623"
"243","alifesaglikgrubu.com.tr","86052","4755224.423952481"
"244","ihya.org","84964","877568.2135503516"
"245","kulturportali.gov.tr","84963","4498297.032497797"
"246","bursadabugun.com","84908","888528.8837730587"
"247","iskur.gov.tr","84324","2459662.713238405"
"248","bloomberght.com","84292","10014537.318482295"
"249","kgm.gov.tr","84156","2861919.087778814"
"250","yenibakishaber.com","83130","276571.3330628704"
"251","donanimarsivi.com","82830","694937.5951332264"
"252","iett.istanbul","82763","5944618.262716554"
"253","bkmkitap.com","82763","1299326.9463639893"
"254","incehesap.com","82289","1657129.3386747576"
"255","flashscore.com.tr","82216","28222936.152536668"
"256","trtspor.com.tr","82066","7896272.024039565"
"257","kuveytturk.com.tr","81552","2747454.4963760655"
"258","tvplus.com.tr","81266","5526180.155946525"
"259","flo.com.tr","81069","1866781.6800669301"
"260","diken.com.tr","80848","1236880.3653412648"
"261","shazam.com","80755","552775.7658735793"
"262","star.com.tr","80729","748248.8826650791"
"263","anadolusaglik.org","80560","5305773.272906408"
"264","livhospital.com","80229","3102665.590540914"
"265","rottentomatoes.com","80193","1529463.6681523137"
"266","diyadinnet.com","80112","8319521.457123758"
"267","samsung.com","79962","3873263.8467581645"
"268","turkishairlines.com","79805","3382116.8178050257"
"269","mardinlife.com","79616","560217.7028158102"
"270","sofascore.com","79507","14356429.357453473"
"271","soundcloud.com","79335","7168554.058843836"
"272","hangikredi.com","79298","14516450.18789999"
"273","lyricstranslate.com","78548","1346263.8007641658"
"274","msn.com","78271","941690.0446361583"
"275","ahmetcadirci.com","78080","624430.0044853762"
"276","quora.com","77491","273028.93642703444"
"277","r10.net","77443","555617.1359357405"
"278","eksiseyler.com","77325","528117.9585486092"
"279","suslusozluk.com","77248","333846.2842383534"
"280","poki.com","77011","13830900.615907244"
"281","limasollunaci.com","76586","1707725.6305277739"
"282","file.com.tr","76163","1009661.064649934"
"283","yellowpages.com.tr","75996","231085.18389799073"
"284","e-sehir.com","75470","482625.3884209618"
"285","turna.com","74952","768371.2972836848"
"286","adalet.gov.tr","74904","3769866.122352859"
"287","steampowered.com","74567","5352337.745575862"
"288","bauhaus.com.tr","74019","998769.2473973408"
"289","dirilispostasi.com","73626","525650.2111607622"
"290","restaurantguru.com","73616","210811.5846395474"
"291","medipol.com.tr","73178","1356754.4248877"
"292","gratis.com","73010","2677874.5929901935"
"293","arasikackm.com","72916","553085.6819928698"
"294","uludag.edu.tr","72223","1001382.1659769472"
"295","hacettepe.edu.tr","72115","1410899.308502065"
"296","wordwall.net","71915","2849069.4766537286"
"297","ticaret.gov.tr","71644","1815603.218191281"
"298","goal.com","71242","6220646.112024484"
"299","hdfilmcehennemi.nl","71195","6313685.023594091"
"300","halkbank.com.tr","71113","3329343.085046161"
"301","dersimiz.com","70910","572800.4101283029"
"302","aspor.com.tr","70904","2468500.869568428"
"303","aile.gov.tr","70875","2754343.3513803706"
"304","musixmatch.com","70838","1499476.5752664115"
"305","tkgm.gov.tr","70803","3094679.2681496274"
"306","badem.shop","70683","123786.49882226624"
"307","havadurumu15gunluk.xyz","70624","25480113.808539677"
"308","osym.gov.tr","70263","12939254.74627967"
"309","e-bebek.com","70122","1559325.8679832928"
"310","kitapsec.com","70064","1078556.9958861358"
"311","haber61.net","69699","813163.7451145649"
"312","evkur.com.tr","68364","824692.4594830461"
"313","yeniasir.com.tr","68302","486785.5296746418"
"314","fenerbahce.org","68238","36711254.54866018"
"315","canva.com","68075","5747480.400997845"
"316","noktagazetesi.com.tr","67867","431064.4831508342"
"317","kanald.com.tr","67866","8204051.380230548"
"318","kunduz.com","67790","526282.484239446"
"319","theguardian.com","67638","755219.420605246"
"320","milatgazetesi.com","67502","612851.5674888548"
"321","kelimeler.gen.tr","67386","624985.2696320191"
"322","dugun.com","67323","1891121.1861226913"
"323","nytimes.com","67074","690172.4302317817"
"324","fikriyat.com","66918","896356.4223140888"
"325","glosbe.com","66876","1438694.3978825696"
"326","iscihaber.net","66655","385592.38024850935"
"327","yeniankara.com.tr","66530","353252.2962305937"
"328","gib.gov.tr","65758","5593993.090114873"
"329","ajansspor.com","65354","773353.0440069754"
"330","nefes.com.tr","64816","1352738.1721804496"
"331","msb.gov.tr","64627","2335689.9721204843"
"332","sonmuhur.com","64563","494493.92543765344"
"333","boxofficeturkiye.com","64486","1361272.5804971904"
"334","medyascope.tv","64402","899896.1390357763"
"335","denizbank.com","64038","1816735.6519563328"
"336","accuweather.com","63864","26293943.28910346"
"337","haberinburada.com.tr","63680","504340.96388846636"
"338","hediyesepeti.com","63651","3275399.357272109"
"339","doktortakvimi.com","63463","911925.4629844315"
"340","find.com.tr","63453","130594.73931593448"
"341","ilkhaber-gazetesi.com","63402","454683.10273651406"
"342","dokuzeylul.com","63294","400176.98469814844"
"343","timeturk.com","63282","425857.7874805946"
"344","pixabay.com","63017","1684825.6691431496"
"345","deu.edu.tr","62967","1214246.529185094"
"346","kadimhukuk.com.tr","62929","1844503.1313895304"
"347","evidea.com","62901","470594.4476550389"
"348","ilacprospektusu.com","61946","6674136.711017299"
"349","eczaneler.gen.tr","61869","4740632.713170897"
"350","gazeteyenigun.com.tr","61512","374142.05003408715"
"351","watsons.com.tr","60519","1883546.7822928857"
"352","chip.com.tr","60419","745132.188112665"
"353","listelist.com","60358","407322.74792269245"
"354","bizevdeyokuz.com","59869","1342526.322125962"
"355","itu.edu.tr","59664","1316513.614559548"
"356","showtv.com.tr","59542","8504135.565353192"
"357","rudaw.net","59446","1147568.2902638596"
"358","biletdukkani.com","59403","657581.0531772748"
"359","agoda.com","59347","786646.3280691896"
"360","egitimhane.com","59036","892774.7238583565"
"361","haberkenti.com","58949","259375.82250908576"
"362","almaany.com","58889","917024.7151585706"
"363","ign.com","58747","472946.4301434569"
"364","vestel.com.tr","58653","1384063.8633311857"
"365","filmweb.pl","58599","246616.1725493688"
"366","hm.com","58549","1345008.665507814"
"367","yandex.com","58483","47973086.71486798"
"368","ilacabak.com","58436","5425259.941476269"
"369","filmmodu.nl","58308","2883680.9266150855"
"370","gunceloku.com","58255","130878.39442518353"
"371","mekanlar.com","58204","592926.4301708061"
"372","prezi.com","57980","249082.4989719279"
"373","trip.com","57859","307124.8478691559"
"374","medikalakademi.com.tr","57851","1629883.7252232619"
"375","github.com","57652","2021249.3591557741"
"376","derslig.com","57521","1551712.1424426436"
"377","buyukanadoluhastanesi.com","57483","1160434.3629000299"
"378","tradingview.com","57454","13775430.565290466"
"379","sorubak.com","57097","1168918.025486514"
"380","metroturizm.com.tr","57013","535912.779970184"
"381","flixbus.com.tr","56514","4194206.290200729"
"382","turkgun.com","56370","606514.1543480568"
"383","rossmann.com.tr","55968","1370356.102780478"
"384","gazi.edu.tr","55955","1086875.139884442"
"385","mrdiy.com","55649","282866.96283286624"
"386","dinimizislam.com","55515","1445408.475239966"
"387","biyografya.com","55185","1034296.675421549"
"388","mfa.gov.tr","55156","3038350.814548401"
"389","ilacrehberi.com","54907","2307844.627339583"
"390","yirmidort.tv","54878","788403.9701268878"
"391","halveti.tc","54871","1889958.2473691162"
"392","merriam-webster.com","54867","1395331.4145073853"
"393","qnb.com.tr","54802","2475840.2548610605"
"394","bedavainternet.com.tr","54643","254169.2027316913"
"395","dw.com","54642","702567.0362886488"
"396","indeed.com","54582","913162.9963426273"
"397","oxu.az","54379","686966.3304122426"
"398","filmmakinesi.de","54292","1421160.6215011142"
"399","khanacademy.org","54227","981181.2267622296"
"400","biyografiler.com","54054","896831.9736163542"
"401","izmir.bel.tr","54030","1001786.9222877547"
"402","webteizle.info","53983","705276.7706097551"
"403","gettyimages.com","53959","539210.5658184513"
"404","sinefil.com","53958","1147256.4997657873"
"405","multinet.com.tr","53887","591021.8511442635"
"406","mevzuat.gov.tr","53748","2090937.1983964853"
"407","ebay.com","53610","179246.90302766673"
"408","canakkaleolay.com","53608","491271.7467582021"
"409","muhiku.com","53329","1728857.943949258"
"410","adobe.com","53323","1548039.9753922038"
"411","tv100.com","53269","729456.6269346867"
"412","remax.com.tr","53188","723878.4854935091"
"413","tele1.com.tr","53144","453776.0598964449"
"414","prima.com.tr","53113","514665.3480269201"
"415","sinematurk.com","52758","546878.9526447877"
"416","uplifers.com","52731","934439.1289304867"
"417","gezimanya.com","52464","1505908.0144909322"
"418","atv.com.tr","52461","7089513.576191174"
"419","ekonomist.com.tr","52394","1609115.16661142"
"420","fullhdfilmizlesene.tv","52394","6845600.312458264"
"421","egedesonsoz.com","52385","393570.03984865174"
"422","setur.com.tr","52314","835794.9959756043"
"423","antoloji.com","52220","998335.5987245627"
"424","karnaval.com","52196","1441737.1028048713"
"425","nvi.gov.tr","52157","4204884.648455216"
"426","ozdilekteyim.com","52147","474932.0212802291"
"427","atauni.edu.tr","52139","1976318.8050985914"
"428","ktu.edu.tr","52032","754230.8777840994"
"429","bbc.co.uk","51864","705111.820600776"
"430","marmara.edu.tr","51692","1047122.1139874086"
"431","etimolojiturkce.com","51662","1301981.622309735"
"432","ruyatabirleri.com","51574","3153288.549007112"
"433","gercekgundem.com","51513","556797.3001419622"
"434","doviz.com","51446","7290946.521192608"
"435","cu.edu.tr","51425","759736.5547316577"
"436","hesapkurdu.com","51376","1750018.02364989"
"437","ankara.bel.tr","51361","1219394.0453215074"
"438","yummyadvisor.com","51338","89425.12904861942"
"439","softonic.com.tr","51300","1094893.7673612572"
"440","24saatgazetesi.com","51233","551477.0233692955"
"441","urfanatik.com","51179","565946.0676916856"
"442","araskargo.com.tr","51175","2131361.0479117427"
"443","bellona.com.tr","51124","1321757.1125220787"
"444","ucuzabilet.com","50987","1533743.792309843"
"445","liderhaber.com.tr","50972","591852.5690989885"
"446","deezer.com","50894","886340.1162194181"
"447","erciyes.edu.tr","50792","1075849.8767937906"
"448","puhutv.com","50710","5265254.675607752"
"449","trovit.com.tr","50418","277425.09514037706"
"450","apkpure.com","50412","2679344.749790538"
"451","kmhesaplama.com","50376","1215456.9075728022"
"452","ibb.gov.tr","50244","1417715.7355257608"
"453","ye-mek.net","50097","588092.7124251463"
"454","kelimeler.net","49960","1562709.351827208"
"455","wise.com","49957","13760547.13207102"
"456","wattpad.com","49923","820906.7021892667"
"457","mp3semti.com","49882","442058.9551612325"
"458","pamukkale.com.tr","49864","788153.6052069254"
"459","otelz.com","49678","479848.71526508965"
"460","ilkha.com","49625","437670.4910024237"
"461","kofteciyusuf.com","49596","574644.8772619031"
"462","gunduzniyetine.com","49583","796774.8038282115"
"463","elele.com.tr","49499","924237.6029539108"
"464","gardrops.com","49367","166643.36636219174"
"465","yurticikargo.com","49307","2804684.8618625402"
"466","weather.com","49294","6506715.389212988"
"467","sigortam.net","49260","2204643.0881229155"
"468","koton.com","49098","1222073.0011535827"
"469","dogruhaber.com.tr","48958","736236.7284491025"
"470","hayirlitabir.com","48921","394805.1851365045"
"471","haritamap.com","48781","400325.706560811"
"472","istanbulticaretgazetesi.com","48780","1827896.8379934207"
"473","superhaber.com","48686","373311.4073436726"
"474","uptodown.com","48638","1407859.9162225462"
"475","adanamasasi.com","48467","134997.77383279987"
"476","collinsdictionary.com","48452","283214.2167549096"
"477","fiyatarsivi.com","48370","150869.2625334747"
"478","ruyaanlami.com","48227","98141.69192050025"
"479","beko.com.tr","48174","1231122.0542024206"
"480","aratsana.com","48155","103519.4951502867"
"481","ulusal.com.tr","48037","417197.542739803"
"482","ankahaber.net","47881","326604.6578697581"
"483","iletisimadresleri.com","47820","78434.28140824474"
"484","istiklal.com.tr","47796","346276.2680186592"
"485","konya.bel.tr","47224","1153433.5058962088"
"486","yabancidizi.io","47128","664861.8652121276"
"487","apkpure.net","47056","1269717.5058093239"
"488","diziler.com","47028","1367888.2078141514"
"489","istikbal.com.tr","47017","2273283.9147142004"
"490","sozluk.gov.tr","46907","1265079.4884517249"
"491","npistanbul.com","46850","719919.8400226291"
"492","zargan.com","46582","1702249.0201555807"
"493","haberet.com","46560","579321.6701666303"
"494","skyscanner.com.tr","46352","1150448.9133635107"
"495","biletix.com","46332","2100333.8874987047"
"496","nih.gov","46273","655104.7003303338"
"497","defacto.com.tr","46179","1353131.2709667347"
"498","paribucineverse.com","46156","2239438.241130151"
"499","goodreads.com","46136","247071.94757016934"
"500","depositphotos.com","46127","181807.89046715572"
"501","ozgurkocaeli.com.tr","46092","555290.2994854562"
"502","sporekrani.com","45984","7842305.279340111"
"503","galatasaray.org","45908","22380845.70731017"
"504","sgk.gov.tr","45906","4683143.6066637"
"505","sabirgazetesi.com","45904","308207.9810415916"
"506","annelertoplandik.com","45760","161445.86196672358"
"507","manisahabergazetesi.com.tr","45686","116768.37577253953"
"508","civilim.com","45559","635149.94462304"
"509","tripadvisor.com","45540","2868602.761251066"
"510","smule.com","45387","602526.3791810796"
"511","teb.com.tr","45267","1099466.3963019233"
"512","remzihoca.com","45067","1065195.9573574662"
"513","nnchaber.com","44960","277458.8886431549"
"514","ileilgili.org","44843","170411.77799013816"
"515","turkedebiyati.org","44837","2548346.308670642"
"516","allianz.com.tr","44637","1495683.0132367592"
"517","resmigazete.gov.tr","44591","1171130.95482222"
"518","yeniasya.com.tr","44572","234817.3710980676"
"519","yenifirma.com.tr","44487","98513.97018050216"
"520","pembepusula.org","44387","121693.88424731605"
"521","temu.com","44386","797217.9525678344"
"522","trtcocuk.net.tr","44308","3804976.2185118366"
"523","hbomax.com","44061","1631749.883306317"
"524","screenrant.com","43988","191144.3752207607"
"525","neredennereye.com","43969","1010475.7016824353"
"526","normalsozluk.com","43964","180135.4183736574"
"527","freemeteo.com","43948","3514124.8193672933"
"528","menuburada.com","43810","174054.5369480811"
"529","ajet.com","43637","996090.7089183256"
"530","kocaeli.bel.tr","43584","1016239.6944975201"
"531","nerede360.com","43579","102616.4805183392"
"532","ct.tr","43562","2478072.9842168204"
"533","sol.org.tr","43406","299084.28766989894"
"534","bonus.com.tr","43383","734019.3989480175"
"535","tumblr.com","43318","470230.22699780576"
"536","onual.com","43307","87874.19286602922"
"537","yenibiris.com","43304","277271.03287276626"
"538","yolcu360.com","43053","382379.20080177113"
"539","paratic.com","42988","4060942.9401696175"
"540","emlakkulisi.com","42980","145704.93534598686"
"541","biletall.com","42854","1134663.0053929444"
"542","iienstitu.com","42732","495073.6340741534"
"543","mi.com","42712","2146337.7308532465"
"544","secretcv.com","42474","792276.1014572196"
"545","subu.edu.tr","42400","2492037.4040376116"
"546","doktorsitesi.com","42354","520709.59047484584"
"547","uskudar.edu.tr","42115","907508.7500511762"
"548","evvelcevap.com","42095","1958939.8188054822"
"549","arabunu.com","42070","192061.18561886996"
"550","ankaranethaber.com","42050","165499.21815960668"
"551","izgazete.net","41997","254744.10550437868"
"552","macfit.com","41781","1545233.4720506351"
"553","kuranvemeali.com","41717","1943527.424274549"
"554","dictionary.com","41568","368672.9773281049"
"555","meteoblue.com","41543","2764806.3998366706"
"556","novakid.com.tr","41466","649287.0835170038"
"557","ddizi.im","41314","3317731.247293208"
"558","endeksa.com","41293","1061756.7868323363"
"559","otelpuan.com","41260","495464.5960128661"
"560","patronlardunyasi.com","41247","256346.23192966916"
"561","gezinomi.com","41210","682920.4829558823"
"562","diyanet.tv","41186","1140275.2709524054"
"563","mekan.com","40860","185984.80977472663"
"564","finn.no","40760","225114.78452868387"
"565","hyundai.com","40635","712183.2081184313"
"566","msxlabs.org","40570","122973.20299564302"
"567","boykot.co","40527","1507344.9081673194"
"568","turkiyesigorta.com.tr","40478","2377531.1312396526"
"569","drozdogan.com","40466","950647.2579380106"
"570","gencgazete.net","40302","358381.67026614584"
"571","sozce.com","40221","195009.4469629228"
"572","nowtv.com.tr","40206","5432212.139027834"
"573","artigercek.com","40192","307712.6548446249"
"574","playstation.com","40167","2072021.114647761"
"575","firsatbufirsat.com","40106","291900.83446372114"
"576","toyota.com.tr","40081","1511171.9318269286"
"577","tahanci.av.tr","40039","916350.7759079654"
"578","opet.com.tr","39924","1660975.1758900024"
"579","tr.gg","39805","256813.42347064056"
"580","getmidas.com","39729","1539499.605028171"
"581","dermoeczanem.com","39711","770604.8745760135"
"582","amazon.co.uk","39705","197696.4747524727"
"583","metu.edu.tr","39677","920399.9115735665"
"584","petlebi.com","39643","2107678.423350014"
"585","polatlipostasi.com","39640","139347.21797608025"
"586","bizimsakarya.com.tr","39444","203026.39706416428"
"587","bursa.bel.tr","39401","828712.3215392604"
"588","ege.edu.tr","39254","1190033.6246236712"
"589","sakarya.edu.tr","39208","992953.8749088831"
"590","filmekseni.net","39152","2264549.927461615"
"591","espn.com","39141","1806162.8404466435"
"592","politikam.com","39115","397945.21543030627"
"593","pazarium.com.tr","39098","448087.6313924957"
"594","kuzeyekspres.com.tr","39072","365201.4047191702"
"595","ilacfiyati.com","39054","462547.2377530262"
"596","vgm.gov.tr","38834","421881.84811638854"
"597","malatyaguncel.com","38815","250221.229174532"
"598","hdfilmcehennemi.ltd","38792","3712335.7394397464"
"599","boenstitu.com","38786","882523.3669950403"
"600","softonic.com","38745","858332.4779909458"
"601","mavi.com","38743","1151593.9453369938"
"602","okanhastanesi.com.tr","38691","683800.7896699682"
"603","benguturk.com","38688","507147.54094977863"
"604","ing.com.tr","38628","1133737.7886268254"
"605","letterboxd.com","38617","371855.1325980481"
"606","techolay.net","38509","175793.70849307813"
"607","toyzzshop.com","38506","1526231.2691034004"
"608","diyetkolik.com","38469","1547476.1633303333"
"609","iuc.edu.tr","38404","1254434.9358723313"
"610","yandex.ru","38363","331537.7384519521"
"611","gdh.digital","38248","365999.99876781926"
"612","akdeniz.edu.tr","38221","1000213.6860718913"
"613","haber3.com","38201","276007.8653286062"
"614","yenimesaj.com.tr","38168","198325.4920004476"
"615","anneysen.com","38165","264339.62899050675"
"616","azlyrics.com","38151","1216052.3543908484"
"617","aydinpost.com","38135","344496.71250607446"
"618","mp3indirdur.life","37956","151239.21986212768"
"619","avansas.com","37927","810295.5101545006"
"620","wikipedia-on-ipfs.org","37687","216510.3532180097"
"621","chp.org.tr","37667","939949.143607378"
"622","petrolofisi.com.tr","37617","2272469.8810239937"
"623","ok.ru","37244","360335.52557228506"
"624","tcmb.gov.tr","37229","5038394.1666435115"
"625","turkmmo.com","37118","270632.9809871577"
"626","turk.net","37107","1992061.55819704"
"627","sokgazetesi.com.tr","37077","279380.9657732919"
"628","bursahakimiyet.com.tr","37041","371402.9682058133"
"629","bilimsenligi.com","36988","399001.8557624463"
"630","eurosport.com.tr","36904","1951304.724323297"
"631","tivibu.com.tr","36894","1086239.0233697593"
"632","hibya.com","36831","353475.67627501115"
"633","waze.com","36796","1002893.1086379532"
"634","kelimecim.com","36787","140381.97349964455"
"635","tv5.com.tr","36752","535441.4179041963"
"636","nike.com","36744","2187939.578189591"
"637","edenred.com.tr","36722","321819.26897562295"
"638","veryansintv.com","36688","848304.2651524153"
"639","tekfullfilmizle5.com","36686","637962.7114900388"
"640","emlakclick.com","36675","97599.49646039866"
"641","vivense.com","36526","1272087.0632866006"
"642","archive.org","36508","308821.25660280697"
"643","indiatimes.com","36478","161937.62384120002"
"644","namu.wiki","36466","111610.86702882126"
"645","madamecoco.com","36450","674408.2959634606"
"646","firmasec.com","36385","1056007.388625674"
"647","rehberim.gen.tr","36375","147026.8048834335"
"648","havadurumu15gunluk.net","36359","1656067.5028087813"
"649","europa.eu","36318","1286226.995279016"
"650","namazzamani.net","36304","1799473.0876940154"
"651","honda.com.tr","36270","1157208.2608693596"
"652","batmanrehbergazetesi.com","36244","259355.15181812644"
"653","iletisim.gov.tr","36216","1345635.6844476964"
"654","macrocenter.com.tr","36207","658051.0004053507"
"655","trt.net.tr","36189","2597531.794962365"
"656","antalyahakkinda.com","36152","289542.0950594079"
"657","bilgiustam.com","36146","119787.48806126975"
"658","xbox.com","36098","1461795.1161627695"
"659","abcgazetesi.com.tr","35907","267811.70080159605"
"660","adidas.com.tr","35860","1866377.3270297404"
"661","secdem.net","35859","174051.30215466395"
"662","turmob.org.tr","35755","1219677.4141335133"
"663","made-in-china.com","35681","48911.278884485364"
"664","roketdizi.live","35675","102358.35325854644"
"665","walmart.com","35581","142437.96690047905"
"666","lexpera.com.tr","35559","580474.5080708638"
"667","gucluanadolugazetesi.com","35493","157439.66931026056"
"668","esanlamlisi.net","35483","2959382.17965962"
"669","medipol.edu.tr","35464","818961.4596334137"
"670","tavsiyemiz.com","35307","119950.36167926528"
"671","startv.com.tr","35297","3837434.308314249"
"672","log.com.tr","35191","164963.23840126954"
"673","farmalog.info","35088","473724.7254180405"
"674","turkeyturism.com","35075","76438.44137343578"
"675","csfd.cz","35065","139987.4132133089"
"676","www.gov.uk","35027","322895.2493691668"
"677","magnethastanesi.com.tr","35026","633715.5243749209"
"678","passo.com.tr","35006","1948260.363518823"
"679","yeditepehastaneleri.com","34972","596542.5781886913"
"680","weebly.com","34905","216404.96238423884"
"681","sefamerve.com","34868","796117.5262216162"
"682","medyatava.com","34816","168692.33185542747"
"683","okul.com.tr","34710","891542.6566210221"
"684","biga.bel.tr","34694","115096.88833430782"
"685","trtdinle.com","34639","981511.6813847385"
"686","mitula.com.tr","34634","261048.11610381491"
"687","nedemek.page","34597","104383.61118049547"
"688","haberekspres.com.tr","34554","155305.43431039713"
"689","hisarhospital.com","34507","489333.6251477916"
"690","allocine.fr","34505","132647.98650184646"
"691","konusarakogren.com","34502","452292.01554068364"
"692","expedia.com","34321","140346.39253578335"
"693","epicgames.com","34318","1856828.7363887709"
"694","verginet.net","34028","2737433.672405362"
"695","alem.com.tr","33971","360251.7585702278"
"696","aiscore.com","33970","770595.9371866789"
"697","yemektekeyifvar.com","33945","398310.8165496718"
"698","nesine.com","33875","7535456.24315035"
"699","yaylahaber.com.tr","33862","824456.5583215095"
"700","havadurumu15gunluk.info","33846","1105708.5763096232"
"701","tcddtasimacilik.gov.tr","33830","2044768.281782236"
"702","sahihruyalar.com","33731","76810.94763070717"
"703","tuik.gov.tr","33637","991441.8192878366"
"704","harbiyehukuk.com","33610","789367.1716783773"
"705","cimer.gov.tr","33527","351875.902075544"
"706","telgraf.net","33486","249107.32521104813"
"707","pau.edu.tr","33331","765014.6556245871"
"708","ea.com","33214","2266036.981731616"
"709","mango.com","33193","770867.2513527405"
"710","jetfilmizle.ltd","33115","197371.56686137058"
"711","icisleri.gov.tr","33108","1243984.3290061168"
"712","bazekol.com","33094","660152.7377508674"
"713","mutlubebekleriz.com","33088","156448.5446686782"
"714","shell.com.tr","33080","1209503.9327918645"
"715","egitimsistem.com","33048","114958.12842176482"
"716","illerarasimesafe.com","32988","103631.6749081742"
"717","gundemebakis.com","32908","327517.3242678661"
"718","mudo.com.tr","32874","403389.81663410924"
"719","korayspor.com","32757","325899.5682907663"
"720","ilkadimlarim.com","32731","789245.7567928936"
"721","redbull.com","32659","651804.2326761074"
"722","ruyamhayirmi.com","32648","64012.11822845973"
"723","antalyakorfez.com","32634","272861.35772923194"
"724","englishhome.com","32567","725710.6231959313"
"725","ogu.edu.tr","32550","661345.8262787536"
"726","tahtakalespot.com","32491","134259.86860578135"
"727","vocabulary.com","32489","278112.1750281453"
"728","jandarma.gov.tr","32475","1209661.0284160227"
"729","google.com.tr","32387","10002799.397150585"
"730","ubuy.com.tr","32376","139182.99593490362"
"731","maksatbilgi.com","32341","118169.58403523266"
"732","ataaof.edu.tr","32326","885639.0926079117"
"733","csgb.gov.tr","32322","2662161.902093919"
"734","bubilet.com.tr","32316","1386509.6352512464"
"735","lingolandedu.com","32288","250927.64463706128"
"736","threads.com","32236","182351.63155911118"
"737","himmera.com","32201","605707.6461336594"
"738","ito.org.tr","32197","495698.8951100707"
"739","anlami-nedir.com","32135","99771.8395412825"
"740","sdu.edu.tr","32120","527898.6911249012"
"741","getyourguide.com","32100","410861.37693709135"
"742","kik.gov.tr","32087","444317.20916459523"
"743","hopi.com.tr","32078","456003.5586955715"
"744","huzursayfasi.com","32062","179108.11683156155"
"745","mashable.com","32053","1004973.1530984472"
"746","vogue.com.tr","32018","852667.4197691586"
"747","metropolcard.com","31951","140003.29530030303"
"748","12punto.com.tr","31903","185751.75084290095"
"749","flipkart.com","31881","144722.98128452525"
"750","beyazgazete.com","31820","139180.23404032178"
"751","gonulcimen.dr.tr","31812","1213884.9900709428"
"752","kelebek.com","31790","483666.7250296958"
"753","kocaeligundem.com","31767","196588.43010198697"
"754","hayirliruya.com","31757","55071.271570112556"
"755","ortadogugazetesi.com","31739","391473.7627752349"
"756","bilet.com","31721","299099.0079083741"
"757","adu.edu.tr","31685","701726.0816688165"
"758","eksiduyuru.com","31629","134650.01504418813"
"759","huawei.com","31574","931829.5509975571"
"760","fotmob.com","31556","2085008.401803093"
"761","last.fm","31521","349541.89454162493"
"762","bulmaca-sozlugum.com","31478","1406824.4029808268"
"763","subito.it","31403","85298.05488267541"
"764","beycan.net","31373","431021.2164833434"
"765","barobirlik.org.tr","31373","840140.5459477976"
"766","osmanlicasozlukler.com","31354","362003.9294293225"
"767","kevserinmutfagi.com","31269","741960.1918566413"
"768","ticarihayat.com","31252","179472.0288370978"
"769","sephora.com.tr","31245","2888530.574104933"
"770","ilactr.com","31169","115651.8539348878"
"771","rayhaber.com","31128","278923.602643203"
"772","todtv.com.tr","31110","1841994.4322153553"
"773","englishcentral.com","31067","1030741.1656786464"
"774","dhlecommerce.com.tr","31059","1101609.1263977978"
"775","wikimedia.org","31042","144395.77087184228"
"776","ilerigazetesi.com.tr","31029","184055.50293614715"
"777","universitetercihrobotu.com","30991","1115607.2639823593"
"778","sonses.tv","30935","200794.76824464835"
"779","disneyplus.com","30914","1418444.4129741397"
"780","goong.com","30892","148337.10988021456"
"781","kibrispostasi.com","30874","246146.81233723462"
"782","alomaliye.com","30845","2466517.1228168495"
"783","guven.com.tr","30836","966507.6199558228"
"784","sciencedirect.com","30826","381054.9153908957"
"785","eminevim.com","30822","329066.883796623"
"786","yenikonya.com.tr","30783","290112.1876075398"
"787","itopya.com","30772","1614865.8702164385"
"788","antalyagundem.com.tr","30757","212882.3001081366"
"789","tabii.com","30727","1763036.2361129373"
"790","gaziantepdogus.com","30665","135141.47231913544"
"791","lugatim.com","30634","1761538.0639714748"
"792","freepik.com","30523","404007.3711526394"
"793","cepteteb.com.tr","30506","455659.90445898473"
"794","fotospor.com","30405","1020223.0068747047"
"795","renault.com.tr","30401","1062108.0703324676"
"796","wikimapia.org","30372","156786.22323631123"
"797","mutluanneleriz.com","30356","178276.31032561138"
"798","lafsozluk.com","30346","140765.51027747802"
"799","vw.com.tr","30297","1994319.7356304433"
"800","gunes.com","30216","248766.2298672963"
"801","referansturk.com.tr","30205","125180.36369603127"
"802","medyaradar.net","30192","201977.02551735938"
"803","wikihow.com.tr","30154","237366.383175103"
"804","bershka.com","30131","527963.3410423677"
"805","etsy.com","30052","204518.83540485613"
"806","ksu.edu.tr","29924","676434.080452608"
"807","crazygames.com","29850","5114458.806528039"
"808","dijital.link","29832","99635.10957564227"
"809","orduyorum.com","29824","168222.0618391931"
"810","joom.com","29733","49079.28572453186"
"811","ilan.gov.tr","29711","1044550.8609699849"
"812","isyatirim.com.tr","29660","4366572.059085665"
"813","egm.gov.tr","29649","1360548.2657719068"
"814","akparti.org.tr","29639","866945.7926554773"
"815","havadurumu15gunluk.org.tr","29514","455943.0307792425"
"816","yildirimgazetesi.com","29502","363400.5398331713"
"817","cetinkaya.com.tr","29469","198278.53771714866"
"818","ttk.gov.tr","29446","873829.5988601334"
"819","ekonomigazetesi.com","29444","208931.31205182895"
"820","kimnereli.net","29386","345915.89755647816"
"821","steamcommunity.com","29371","476068.51380781643"
"822","footystats.org","29281","2258781.270398291"
"823","bodrum.bel.tr","29281","234194.5297969263"
"824","comu.edu.tr","29279","686158.6485943422"
"825","havadurumu15gunluk.org","29272","496707.83499203064"
"826","kayiprihtim.com","29254","297108.5387305096"
"827","superstep.com.tr","29247","1567579.8908616714"
"828","guvengazetesi.com.tr","29219","142728.06186534278"
"829","selcukflix.com","29218","90419.50081198663"
"830","tunagazete.com","29145","204557.96306944266"
"831","ilacdata.com","29132","278665.3904785365"
"832","ku.edu.tr","29126","614513.9542121738"
"833","enpara.com","29117","985380.741727991"
"834","canlitv.me","29109","5034809.411941633"
"835","metro.istanbul","29100","2326678.679965077"
"836","yabancidizi.so","28971","1021991.2360642124"
"837","jooble.org","28888","371669.9738512188"
"838","tekzen.com.tr","28870","166511.25599958934"
"839","bizimtoptan.com.tr","28863","557144.5993809234"
"840","kelimetre.com","28849","500274.68525801226"
"841","bosch-home.com.tr","28831","1646884.8594785389"
"842","modanisa.com","28828","537977.4564978406"
"843","cetas.com.tr","28820","923410.5172787644"
"844","yildiz.edu.tr","28812","1750713.8942909837"
"845","haberhurriyeti.com","28811","169216.76337799802"
"846","bilkent.edu.tr","28785","752345.452643605"
"847","ekonomidunya.com","28743","382109.78719096445"
"848","atasunoptik.com.tr","28728","1057230.3071666192"
"849","cumhuriyet.edu.tr","28712","858548.2047163546"
"850","ilac101.com","28689","80464.74853106774"
"851","bursahayat.com.tr","28671","245745.2875150256"
"852","vipiri.com","28616","62357.65424242057"
"853","yesilafsin.com","28613","444037.69591336884"
"854","gazeteilksayfa.com","28593","99669.93063718453"
"855","aliosmanulusoy.com","28587","418580.7079390362"
"856","armaganoyuncak.com.tr","28575","348167.7135309875"
"857","nobetcigazete.com","28571","322976.59108222276"
"858","eokultv.com","28467","103633.37131150626"
"859","tuvturk.com.tr","28421","1663545.7746880539"
"860","beinconnect.com.tr","28404","1567823.0259025842"
"861","denizli.bel.tr","28402","1006003.9240384959"
"862","yesiligdir.com","28352","245272.81925965473"
"863","skechers.com.tr","28345","964571.8953219131"
"864","manisakulishaber.com","28328","230781.75321458653"
"865","pexels.com","28321","1383538.4231384192"
"866","twitch.tv","28311","1027112.9217772633"
"867","halisruyalar.com","28299","44695.8700884413"
"868","afad.gov.tr","28297","5692288.5814992655"
"869","sitesi.web.tr","28282","115775.2331715338"
"870","cagdaskocaeli.com.tr","28210","540738.9949085582"
"871","otelfiyat.com","28169","198131.00354941748"
"872","yolhesaplama.com","28166","62348.29834688082"
"873","haber365.com","28150","173002.86153322458"
"874","referansgazetesi.com.tr","28058","277749.690127261"
"875","cb.com.tr","27916","213803.1427612584"
"876","yabancidizi.tv","27884","1593245.3302048706"
"877","pa.edu.tr","27883","820315.7295497283"
"878","yolharitam.com","27845","274970.9758494403"
"879","serbestiyet.com","27842","510455.645471381"
"880","gundemfethiye.com","27735","207823.01983688958"
"881","istanbulkitapcisi.com","27728","153350.356135156"
"882","filmbol.org","27713","157100.7767996397"
"883","hmb.gov.tr","27694","1047540.7346123699"
"884","mesafesorgulama.com","27580","343647.73806423135"
"885","hsk.gov.tr","27538","353749.0156654082"
"886","imecegazetesi.com","27516","113264.3380211629"
"887","salihruyalar.com","27512","38728.20268587954"
"888","bogazici.edu.tr","27490","561444.5560579225"
"889","bursasaati.com.tr","27462","258824.6170876138"
"890","gazetepencere.com","27460","179765.27294352837"
"891","getmobil.com","27430","1103930.2642136589"
"892","repertuarim.com","27429","648368.944355974"
"893","e-yasamrehberi.com","27412","304168.9580104016"
"894","egepostasi.com","27385","179509.24548120983"
"895","baskentgazete.com.tr","27382","151692.26562132873"
"896","asigazetesi.com","27327","181235.27092259005"
"897","albaraka.com.tr","27262","893241.8130538501"
"898","pngwing.com","27248","140528.80712680705"
"899","ipekyol.com.tr","27242","261562.44272812456"
"900","kocaelitv.com.tr","27223","191080.90141506866"
"901","kocaeligazetesi.com.tr","27213","370652.97861787304"
"902","hukukihaber.net","27184","123281.5532390587"
"903","tjk.org","27145","15954071.508899836"
"904","forbes.com","27139","208068.68634666875"
"905","gelisim.edu.tr","27083","808759.3682379238"
"906","akdenizgercek.com.tr","27060","158217.87297871336"
"907","varan.com.tr","27043","237120.95946313068"
"908","onurmarket.com","27037","201377.5377769787"
"909","ford.com.tr","26992","780612.5601394214"
"910","eskisehir.net","26978","274858.66019041464"
"911","pullandbear.com","26948","557870.0028711334"
"912","airbnb.com.tr","26901","484570.25130478665"
"913","collider.com","26871","112070.40673179552"
"914","sarkisozleri.bbs.tr","26863","164142.29766027257"
"915","egitim.com","26760","640956.52973512"
"916","kelime.com","26747","499917.6148846708"
"917","aku.edu.tr","26745","600609.8053285033"
"918","yenimeram.com.tr","26730","497439.11180758476"
"919","denizpostasi.com","26717","309540.43408351205"
"920","elipshaber.com","26704","274700.6540204864"
"921","yurtgazetesi.com.tr","26703","190807.1117005758"
"922","gsstore.org","26686","5125242.962861819"
"923","tvyayinakisi.com","26670","1205198.8883210458"
"924","tbmm.gov.tr","26667","657044.3757787514"
"925","lezzetler.com","26665","60667.500803127885"
"926","easycep.com","26657","681437.9576903246"
"927","langeek.co","26628","118226.92538891546"
"928","sortiraparis.com","26606","163957.86210799403"
"929","diyanetruyatabirleri.com.tr","26603","75777.63324578665"
"930","istanbulalerjimerkezi.com.tr","26571","565730.3312922437"
"931","biliyo.org","26566","120802.50312165171"
"932","turkcenedemek.com","26563","302747.9587790258"
"933","misli.com","26536","1935898.7063731644"
"934","kelimelen.com","26486","108725.27486363053"
"935","sonsoz.com.tr","26468","176730.8780198004"
"936","fliphtml5.com","26466","203779.52480316162"
"937","hdfilmcehennemi.one","26462","81432.53238943778"
"938","kocaelihaberdar.com.tr","26450","352853.96413730644"
"939","dsi.gov.tr","26422","329762.31614903733"
"940","nukteler.com","26370","275023.5675342195"
"941","otocikma.com","26326","181151.19783063792"
"942","isimbulutu.com","26278","853966.745017169"
"943","plex.tv","26256","68816.07747644372"
"944","bebek.com","26171","252442.81217084266"
"945","demokratkocaeli.com","26115","176147.9541702289"
"946","bugunkocaeli.com.tr","26109","272557.7176989652"
"947","bulutklinik.com","26095","145469.6987410728"
"948","hastane.com.tr","26077","237275.64216465876"
"949","medyagazete.com","26074","113895.60604374297"
"950","superrehber.net","26070","47516.875573089346"
"951","fenerium.com","26049","781195.9156906251"
"952","avicennaint.com","26025","419975.06447733194"
"953","muze.gov.tr","26023","1438896.4479784798"
"954","ekoltv.com.tr","26009","182413.24745490775"
"955","gazetekadikoy.com.tr","26008","167080.5042986758"
"956","kisikatesakademi.com.tr","25992","468575.4643530771"
"957","mercari.com","25985","76758.92862984352"
"958","karadenizdesonnokta.com.tr","25913","162422.02086094953"
"959","ruyatabirleri.gen.tr","25891","118898.2340698"
"960","arasikac.com","25890","56869.3233517427"
"961","songtexte.com","25883","56606.483317784965"
"962","10haber.net","25824","125962.60788122192"
"963","dictzone.com","25819","112032.3345395606"
"964","yenimalatya.com.tr","25813","104882.19929858483"
"965","cerrahi.com.tr","25811","258033.40691914037"
"966","haberizma.com","25689","104598.02850401402"
"967","habervakti.com","25687","249384.17147078924"
"968","universitetercihleri.com","25667","548449.1487812977"
"969","forecaweather.com.tr","25595","565295.4405617416"
"970","timeout.com","25592","275224.0790675506"
"971","izle.film","25591","248944.6730408091"
"972","haber1.com","25589","172550.65161443502"
"973","sonhaberler.com","25585","99774.05130549707"
"974","akdenizmanset.com.tr","25581","172994.92507184483"
"975","illerarasimesafeler.com","25569","54541.23131790385"
"976","fullhdfilmizlesene.nl","25499","2481928.5340474863"
"977","hindustantimes.com","25485","135599.32870474085"
"978","burgerking.com.tr","25444","901405.236460071"
"979","sofra.com.tr","25424","221337.67318474688"
"980","izmirdesondakika.com.tr","25415","158926.8747261297"
"981","sifiraracal.com","25396","346969.02129509486"
"982","gen.yt","25392","114469.1958909966"
"983","enuygunfinans.com","25389","2756206.272139659"
"984","bayindirhastanesi.com.tr","25301","444201.01322549954"
"985","mdpi.com","25299","278829.3145108465"
"986","gq.com.tr","25254","500633.4906145856"
"987","slideshare.net","25248","88117.5515240226"
"988","muhasebetr.com","25238","591111.802188212"
"989","cnn.com","25202","425578.485430412"
"990","yeniizmir.com","25184","179310.23074031062"
"991","themagger.com","25171","183066.84285035357"
"992","monsternotebook.com.tr","25155","782373.6605291963"
"993","erbakan.edu.tr","25144","842048.411517078"
"994","superprof.com.tr","25132","398091.3204931896"
"995","eveshop.com.tr","25097","381429.8028037306"
"996","mcbu.edu.tr","25085","366026.9319774397"
"997","ogrencigundemi.com","25073","90133.90523315966"
"998","gebe.com","25068","420474.8930862844"
"999","karabuk.edu.tr","25048","665208.3880603705"
"1000","gundemartvin.com","25035","265930.5284891296"